0;1;2;3;4;5;6;7;8;9;10;11;12;13;14;15;16;17;18;19;20;21;22;23;24;25
A;A;Symbol;Name;Z;abundance;Re[bc_coh];Im[bc_coh];Re[bc_inc];Im[bc_inc];sigma_coh;sigma_inc;sigma_scatt;sigma_abs;Symbol;Z;CrKafp;CrKafpp;FeKafp;FeKafpp;CuKafp;CuKafpp;MoKafp;MoKafpp;AgKafp;AgKafpp
;;;;;;;;;;;;;;;;5989eV;5989eV;7112eV;7112eV;8979eV;8979eV;20000eV;20000eV;25514eV;25514eV
n;1.00794;H;Hydrogen;1; ;-3.739;; ;;1.7568;80.26;82.02;0.3326;H;1;0;0;0;0;0;0;0;0;0;0
n;2.014101778;D;Deuterium;1;0.0115;6.671;;4.04;;5.592;2.05;7.64;0.000519;D;1;0;0;0;0;0;0;0;0;0;0
1;1.007825032;H;Hydrogen;1;99.9885;-3.7406;;25.274;;1.7583;80.27;82.03;0.3326;H;1;0;0;0;0;0;0;0;0;0;0
2;2.014101778;D;Deuterium;1;0.0115;6.671;;4.04;;5.592;2.05;7.64;0.000519;D;1;0;0;0;0;0;0;0;0;0;0
2;2.014101778;H;Deuterium;1;0.0115;6.671;;4.04;;5.592;2.05;7.64;0.000519;H;1;0;0;0;0;0;0;0;0;0;0
3;3.016049268;H;Tritium;1;0;4.792;;-1.04;;2.89;0.14;3.03;0;H;1;0;0;0;0;0;0;0;0;0;0
n;4.002602;He;Helium;2; ;3.26;; ;;1.34;0;1.34;0.00747;He;2;0;0;0;0;0;0;0;0;0;0
3;3.01602931;He;Helium;2;0.00014;5.74;-1.483;-2.5;2.568;4.42;1.6;6;5333;He;2;0;0;0;0;0;0;0;0;0;0
4;4.00260325;He;Helium;2;99.99986;3.26;;0;;1.34;0;1.34;0;He;2;0;0;0;0;0;0;0;0;0;0
n;6.941;Li;Lithium;3; ;-1.9;; ;;0.454;0.92;1.37;70.5;Li;3;0.002;0.001;0.002;0.001;0.001;0;0;0;0;0
6;6.0151223;Li;Lithium;3;7.5;2;-0.261;-1.89;0.26;0.51;0.46;0.97;940;Li;3;0.002;0.001;0.002;0.001;0.001;0;0;0;0;0
7;7.016004;Li;Lithium;3;92.5;-2.22;;-2.49;;0.619;0.78;1.4;0.0454;Li;3;0.002;0.001;0.002;0.001;0.001;0;0;0;0;0
n;9.012182;Be;Beryllium;4;100;7.79;;0.12;;7.63;0.0018;7.63;0.0076;Be;4;0.008;0.003;0.005;0.002;0.003;0.001;0;0;-0.001;0
9;9.012182;Be;Beryllium;4;100;7.79;;0.12;;7.63;0.0018;7.63;0.0076;Be;4;0.008;0.003;0.005;0.002;0.003;0.001;0;0;-0.001;0
n;10.811;B;Boron;5; ;5.3;-0.213; ;;3.54;1.7;5.24;767;B;5;0.018;0.009;0.013;0.007;0.008;0.004;0;0.001;0;0
10;10.012937;B;Boron;5;19.9;-0.1;-1.066;-4.7;1.231;0.144;3;3.1;3835;B;5;0.018;0.009;0.013;0.007;0.008;0.004;0;0.001;0;0
11;11.0093055;B;Boron;5;80.1;6.65;;-1.3;;5.56;0.21;5.77;0.0055;B;5;0.018;0.009;0.013;0.007;0.008;0.004;0;0.001;0;0
n;12.0107;C;Carbon;6; ;6.646;; ;;5.551;0.001;5.551;0.0035;C;6;0.035;0.021;0.026;0.015;0.017;0.009;0.002;0.002;0;0.001
12;12;C;Carbon;6;98.93;6.6511;;0;;5.559;0;5.559;0.00353;C;6;0.035;0.021;0.026;0.015;0.017;0.009;0.002;0.002;0;0.001
13;13.00335484;C;Carbon;6;1.07;6.19;;-0.52;;4.81;0.034;4.84;0.00137;C;6;0.035;0.021;0.026;0.015;0.017;0.009;0.002;0.002;0;0.001
n;14.0067;N;Nitrogen;7; ;9.36;; ;;11.01;0.5;11.51;1.9;N;7;0.059;0.042;0.044;0.029;0.029;0.018;0.004;0.003;0.001;0.002
14;14.00307401;N;Nitrogen;7;99.63;9.37;;2;;11.03;0.5;11.53;1.91;N;7;0.059;0.042;0.044;0.029;0.029;0.018;0.004;0.003;0.001;0.002
15;15.0001089;N;Nitrogen;7;0.37;6.44;;-0.02;;5.21;0.00005;5.21;0.000024;N;7;0.059;0.042;0.044;0.029;0.029;0.018;0.004;0.003;0.001;0.002
n;15.9994;O;Oxygen;8; ;5.803;; ;;4.232;0.0008;4.232;0.00019;O;8;0.09;0.073;0.069;0.052;0.047;0.032;0.008;0.006;0.003;0.004
16;15.99491462;O;Oxygen;8;99.762;5.803;;0;;4.232;0;4.232;0.0001;O;8;0.09;0.073;0.069;0.052;0.047;0.032;0.008;0.006;0.003;0.004
17;16.9991315;O;Oxygen;8;0.038;5.78;;0.18;;4.2;0.004;4.2;0.236;O;8;0.09;0.073;0.069;0.052;0.047;0.032;0.008;0.006;0.003;0.004
18;17.9991604;O;Oxygen;8;0.2;5.84;;0;;4.29;0;4.29;0.00016;O;8;0.09;0.073;0.069;0.052;0.047;0.032;0.008;0.006;0.003;0.004
n;18.9984032;F;Fluorine;9;100;5.654;;-0.082;;4.017;0.0008;4.018;0.0096;F;9;0.129;0.119;0.1;0.085;0.069;0.053;0.014;0.01;0.006;0.006
19;18.9984032;F;Fluorine;9;100;5.654;;-0.082;;4.017;0.0008;4.018;0.0096;F;9;0.129;0.119;0.1;0.085;0.069;0.053;0.014;0.01;0.006;0.006
n;20.1797;Ne;Neon;10; ;4.566;; ;;2.62;0.008;2.628;0.039;Ne;10;0.174;0.184;0.138;0.132;0.097;0.083;0.021;0.016;0.011;0.01
20;19.99244018;Ne;Neon;10;90.51;4.631;;0;;2.695;0;2.695;0.036;Ne;10;0.174;0.184;0.138;0.132;0.097;0.083;0.021;0.016;0.011;0.01
21;20.99384674;Ne;Neon;10;0.27;6.66;;0.6;;5.6;0.05;5.7;0.67;Ne;10;0.174;0.184;0.138;0.132;0.097;0.083;0.021;0.016;0.011;0.01
22;21.99138551;Ne;Neon;10;9.22;3.87;;0;;1.88;0;1.88;0.046;Ne;10;0.174;0.184;0.138;0.132;0.097;0.083;0.021;0.016;0.011;0.01
n;22.98976967;Na;Sodium;11;100;3.63;;3.59;;1.66;1.62;3.28;0.53;Na;11;0.223;0.27;0.18;0.195;0.129;0.124;0.03;0.025;0.016;0.015
23;22.98976967;Na;Sodium;11;100;3.63;;3.59;;1.66;1.62;3.28;0.53;Na;11;0.223;0.27;0.18;0.195;0.129;0.124;0.03;0.025;0.016;0.015
n;24.305;Mg;Magnesium;12; ;5.375;; ;;3.631;0.08;3.71;0.063;Mg;12;0.272;0.381;0.224;0.277;0.165;0.177;0.042;0.036;0.023;0.022
24;23.9850419;Mg;Magnesium;12;78.99;5.66;;0;;4.03;0;4.03;0.05;Mg;12;0.272;0.381;0.224;0.277;0.165;0.177;0.042;0.036;0.023;0.022
25;24.98583702;Mg;Magnesium;12;10;3.62;;1.48;;1.65;0.28;1.93;0.19;Mg;12;0.272;0.381;0.224;0.277;0.165;0.177;0.042;0.036;0.023;0.022
26;25.98259304;Mg;Magnesium;12;11.01;4.89;;0;;3;0;3;0.0382;Mg;12;0.272;0.381;0.224;0.277;0.165;0.177;0.042;0.036;0.023;0.022
n;26.981538;Al;Aluminium;13;100;3.449;;0.256;;1.495;0.0082;1.503;0.231;Al;13;0.318;0.522;0.269;0.381;0.204;0.246;0.056;0.052;0.032;0.031
27;26.98153844;Al;Aluminium;13;100;3.449;;0.256;;1.495;0.0082;1.503;0.231;Al;13;0.318;0.522;0.269;0.381;0.204;0.246;0.056;0.052;0.032;0.031
n;28.0855;Si;Silicon;14; ;4.1491;; ;;2.163;0.004;2.167;0.171;Si;14;0.355;0.693;0.311;0.509;0.244;0.33;0.072;0.071;0.042;0.043
28;27.97692653;Si;Silicon;14;92.23;4.107;;0;;2.12;0;2.12;0.177;Si;14;0.355;0.693;0.311;0.509;0.244;0.33;0.072;0.071;0.042;0.043
29;28.97649472;Si;Silicon;14;4.67;4.7;;0.09;;2.78;0.001;2.78;0.101;Si;14;0.355;0.693;0.311;0.509;0.244;0.33;0.072;0.071;0.042;0.043
30;29.97377022;Si;Silicon;14;3.1;4.58;;0;;2.64;0;2.64;0.107;Si;14;0.355;0.693;0.311;0.509;0.244;0.33;0.072;0.071;0.042;0.043
n;30.973761;P;Phosphorus;15;100;5.13;;0.2;;3.307;0.005;3.312;0.172;P;15;0.377;0.9;0.347;0.664;0.283;0.434;0.09;0.095;0.055;0.058
31;30.97376151;P;Phosphorus;15;100;5.13;;0.2;;3.307;0.005;3.312;0.172;P;15;0.377;0.9;0.347;0.664;0.283;0.434;0.09;0.095;0.055;0.058
n;32.065;S;Sulfur;16; ;2.847;; ;;1.0186;0.007;1.026;0.53;S;16;0.374;1.142;0.37;0.847;0.319;0.557;0.11;0.124;0.068;0.076
32;31.97207069;S;Sulfur;16;95.02;2.804;;0;;0.988;0;0.988;0.54;S;16;0.374;1.142;0.37;0.847;0.319;0.557;0.11;0.124;0.068;0.076
33;32.9714585;S;Sulfur;16;0.75;4.74;;1.5;;2.8;0.3;3.1;0.54;S;16;0.374;1.142;0.37;0.847;0.319;0.557;0.11;0.124;0.068;0.076
34;33.96786683;S;Sulfur;16;4.21;3.48;;0;;1.52;0;1.52;0.227;S;16;0.374;1.142;0.37;0.847;0.319;0.557;0.11;0.124;0.068;0.076
36;35.96708088;S;Sulfur;16;0.02;3;;0;;1.1;0;1.1;0.15;S;16;0.374;1.142;0.37;0.847;0.319;0.557;0.11;0.124;0.068;0.076
n;35.453;Cl;Chlorine;17; ;9.577;; ;;11.5257;5.3;16.8;33.5;Cl;17;0.335;1.423;0.375;1.061;0.348;0.702;0.132;0.159;0.084;0.099
35;34.96885271;Cl;Chlorine;17;75.77;11.65;;6.1;;17.06;4.7;21.8;44.1;Cl;17;0.335;1.423;0.375;1.061;0.348;0.702;0.132;0.159;0.084;0.099
37;36.9659026;Cl;Chlorine;17;24.23;3.08;;0.1;;1.19;0.001;1.19;0.433;Cl;17;0.335;1.423;0.375;1.061;0.348;0.702;0.132;0.159;0.084;0.099
n;39.948;Ar;Argon;18; ;1.909;; ;;0.458;0.225;0.683;0.675;Ar;18;0.243;1.747;0.352;1.309;0.366;0.872;0.155;0.201;0.101;0.125
36;35.96754628;Ar;Argon;18;0.337;24.9;;0;;77.9;0;77.9;5.2;Ar;18;0.243;1.747;0.352;1.309;0.366;0.872;0.155;0.201;0.101;0.125
38;37.9627322;Ar;Argon;18;0.063;3.5;;0;;1.5;0;1.5;0.8;Ar;18;0.243;1.747;0.352;1.309;0.366;0.872;0.155;0.201;0.101;0.125
40;39.96238312;Ar;Argon;18;99.6;1.83;;0;;0.421;0;0.421;0.66;Ar;18;0.243;1.747;0.352;1.309;0.366;0.872;0.155;0.201;0.101;0.125
n;39.0983;K;Potassium;19; ;3.67;; ;;1.69;0.27;1.96;2.1;K;19;0.07;2.11;0.286;1.589;0.365;1.066;0.179;0.25;0.118;0.156
39;38.9637069;K;Potassium;19;93.258;3.74;;1.4;;1.76;0.25;2.01;2.1;K;19;0.07;2.11;0.286;1.589;0.365;1.066;0.179;0.25;0.118;0.156
40;39.96399867;K;Potassium;19;0.012;3;; ;;1.1;0.5;1.6;35;K;19;0.07;2.11;0.286;1.589;0.365;1.066;0.179;0.25;0.118;0.156
41;40.96182597;K;Potassium;19;6.73;2.69;;1.5;;0.91;0.3;1.2;1.46;K;19;0.07;2.11;0.286;1.589;0.365;1.066;0.179;0.25;0.118;0.156
n;40.078;Ca;Calcium;20; ;4.7;; ;;2.78;0.05;2.83;0.43;Ca;20;-0.221;2.514;0.163;1.904;0.341;1.286;0.203;0.306;0.137;0.193
40;39.9625912;Ca;Calcium;20;96.941;4.8;;0;;2.9;0;2.9;0.41;Ca;20;-0.221;2.514;0.163;1.904;0.341;1.286;0.203;0.306;0.137;0.193
42;41.9586183;Ca;Calcium;20;0.647;3.36;;0;;1.42;0;1.42;0.68;Ca;20;-0.221;2.514;0.163;1.904;0.341;1.286;0.203;0.306;0.137;0.193
43;42.9587668;Ca;Calcium;20;0.135;-1.56;; ;;0.31;0.5;0.8;6.2;Ca;20;-0.221;2.514;0.163;1.904;0.341;1.286;0.203;0.306;0.137;0.193
44;43.9554811;Ca;Calcium;20;2.086;1.42;;0;;0.25;0;0.25;0.88;Ca;20;-0.221;2.514;0.163;1.904;0.341;1.286;0.203;0.306;0.137;0.193
46;45.9536928;Ca;Calcium;20;0.004;3.6;;0;;1.6;0;1.6;0.74;Ca;20;-0.221;2.514;0.163;1.904;0.341;1.286;0.203;0.306;0.137;0.193
48;47.952534;Ca;Calcium;20;0.187;0.39;;0;;0.019;0;0.019;1.09;Ca;20;-0.221;2.514;0.163;1.904;0.341;1.286;0.203;0.306;0.137;0.193
n;44.95591;Sc;Scandium;21;100;12.29;;-6;;19;4.5;23.5;27.5;Sc;21;-0.717;2.968;-0.038;2.256;0.285;1.533;0.226;0.372;0.156;0.235
45;44.9559102;Sc;Scandium;21; ;12.29;;-6;;19;4.5;23.5;27.5;Sc;21;-0.717;2.968;-0.038;2.256;0.285;1.533;0.226;0.372;0.156;0.235
n;47.867;Ti;Titanium;22; ;-3.438;; ;;1.485;2.87;4.35;6.09;Ti;22;-1.683;3.47;-0.357;2.643;0.189;1.807;0.248;0.446;0.175;0.283
46;45.9526295;Ti;Titanium;22;8.2;4.93;;0;;3.05;0;3.05;0.59;Ti;22;-1.683;3.47;-0.357;2.643;0.189;1.807;0.248;0.446;0.175;0.283
47;46.9517638;Ti;Titanium;22;7.4;3.63;;-3.5;;1.66;1.5;3.2;1.7;Ti;22;-1.683;3.47;-0.357;2.643;0.189;1.807;0.248;0.446;0.175;0.283
48;47.9479471;Ti;Titanium;22;73.8;-6.08;;0;;4.65;0;4.65;7.84;Ti;22;-1.683;3.47;-0.357;2.643;0.189;1.807;0.248;0.446;0.175;0.283
49;48.9478708;Ti;Titanium;22;5.4;1.04;;5.1;;0.14;3.3;3.4;2.2;Ti;22;-1.683;3.47;-0.357;2.643;0.189;1.807;0.248;0.446;0.175;0.283
50;49.9447921;Ti;Titanium;22;5.2;6.18;;0;;4.8;0;4.8;0.179;Ti;22;-1.683;3.47;-0.357;2.643;0.189;1.807;0.248;0.446;0.175;0.283
n;50.9415;V;Vanadium;23; ;-0.3824;; ;;0.0184;5.08;5.1;5.08;V;23;-3.841;0.459;-0.896;3.07;0.035;2.11;0.267;0.53;0.194;0.338
50;49.9471628;V;Vanadium;23;0.25;7.6;; ;;7.3;0.5;7.8;60;V;23;-3.841;0.459;-0.896;3.07;0.035;2.11;0.267;0.53;0.194;0.338
51;50.9439637;V;Vanadium;23;99.75;-0.402;;6.35;;0.0203;5.07;5.09;4.9;V;23;-3.841;0.459;-0.896;3.07;0.035;2.11;0.267;0.53;0.194;0.338
n;51.9961;Cr;Chromium;24; ;3.635;; ;;1.66;1.83;3.49;3.05;Cr;24;-2.161;0.548;-1.973;3.533;-0.198;2.443;0.284;0.624;0.213;0.399
50;49.9460496;Cr;Chromium;24;4.35;-4.5;;0;;2.54;0;2.54;15.8;Cr;24;-2.161;0.548;-1.973;3.533;-0.198;2.443;0.284;0.624;0.213;0.399
52;51.9405119;Cr;Chromium;24;83.79;4.92;;0;;3.042;0;3.042;0.76;Cr;24;-2.161;0.548;-1.973;3.533;-0.198;2.443;0.284;0.624;0.213;0.399
53;52.9406538;Cr;Chromium;24;9.5;-4.2;;6.87;;2.22;5.93;8.15;18.1;Cr;24;-2.161;0.548;-1.973;3.533;-0.198;2.443;0.284;0.624;0.213;0.399
54;53.9388849;Cr;Chromium;24;2.36;4.55;;0;;2.6;0;2.6;0.36;Cr;24;-2.161;0.548;-1.973;3.533;-0.198;2.443;0.284;0.624;0.213;0.399
n;54.938049;Mn;Manganese;25;;-3.73;;1.79;;1.75;0.4;2.15;13.3;Mn;25;-1.639;0.65;-3.367;0.0481;-0.568;2.808;0.295;0.729;0.229;0.468
55;54.9380496;Mn;Manganese;25;100;-3.73;;1.79;;1.75;0.4;2.15;13.3;Mn;25;-1.639;0.65;-3.367;0.0481;-0.568;2.808;0.295;0.729;0.229;0.468
n;55.845;Fe;Iron;26; ;9.45;; ;;11.22;0.4;11.62;2.56;Fe;26;-1.339;0.764;-2.095;0.566;-1.179;3.204;0.301;0.845;0.244;0.545
54;53.9396148;Fe;Iron;26;5.8;4.2;;0;;2.2;0;2.2;2.25;Fe;26;-1.339;0.764;-2.095;0.566;-1.179;3.204;0.301;0.845;0.244;0.545
56;55.9349421;Fe;Iron;26;91.7;9.94;;0;;12.42;0;12.42;2.59;Fe;26;-1.339;0.764;-2.095;0.566;-1.179;3.204;0.301;0.845;0.244;0.545
57;56.9353987;Fe;Iron;26;2.2;2.3;; ;;0.66;0.3;1;2.48;Fe;26;-1.339;0.764;-2.095;0.566;-1.179;3.204;0.301;0.845;0.244;0.545
58;57.9332805;Fe;Iron;26;0.3;15;;0;;28;0;28;1.28;Fe;26;-1.339;0.764;-2.095;0.566;-1.179;3.204;0.301;0.845;0.244;0.545
n;58.9332;Co;Cobalt;27;;2.49;;-6.2;;0.779;4.8;5.6;37.18;Co;27;-1.124;0.893;-1.623;0.662;-2.464;3.608;0.299;0.973;0.256;0.63
59;58.9332002;Co;Cobalt;27;100;2.49;;-6.2;;0.779;4.8;5.6;37.18;Co;27;-1.124;0.893;-1.623;0.662;-2.464;3.608;0.299;0.973;0.256;0.63
n;58.6934;Ni;Nickel;28; ;10.3;; ;;13.3;5.2;18.5;4.49;Ni;28;-0.956;1.036;-1.343;0.769;-2.956;0.509;0.285;1.113;0.261;0.724
58;57.9353479;Ni;Nickel;28;68.27;14.4;;0;;26.1;0;26.1;4.6;Ni;28;-0.956;1.036;-1.343;0.769;-2.956;0.509;0.285;1.113;0.261;0.724
60;59.9307906;Ni;Nickel;28;26.1;2.8;;0;;0.99;0;0.99;2.9;Ni;28;-0.956;1.036;-1.343;0.769;-2.956;0.509;0.285;1.113;0.261;0.724
61;60.9310604;Ni;Nickel;28;1.13;7.6;;3.9;;7.26;1.9;9.2;2.5;Ni;28;-0.956;1.036;-1.343;0.769;-2.956;0.509;0.285;1.113;0.261;0.724
62;61.9283488;Ni;Nickel;28;3.59;-8.7;;0;;9.5;0;9.5;14.5;Ni;28;-0.956;1.036;-1.343;0.769;-2.956;0.509;0.285;1.113;0.261;0.724
64;63.9279696;Ni;Nickel;28;0.91;-0.37;;0;;0.017;0;0.017;1.52;Ni;28;-0.956;1.036;-1.343;0.769;-2.956;0.509;0.285;1.113;0.261;0.724
n;63.546;Cu;Copper;29; ;7.718;; ;;7.485;0.55;8.03;3.78;Cu;29;-0.795;1.196;-1.129;0.888;-2.019;0.589;0.263;1.266;0.265;0.826
63;62.9296011;Cu;Copper;29;69.17;6.43;;0.22;;5.2;0.006;5.2;4.5;Cu;29;-0.795;1.196;-1.129;0.888;-2.019;0.589;0.263;1.266;0.265;0.826
65;64.9277937;Cu;Copper;29;30.83;10.61;;1.79;;14.1;0.4;14.5;2.17;Cu;29;-0.795;1.196;-1.129;0.888;-2.019;0.589;0.263;1.266;0.265;0.826
n;65.409;Zn;Zinc;30; ;5.68;; ;;4.054;0.077;4.131;1.11;Zn;30;-0.684;1.373;-0.978;1.021;-1.612;0.678;0.222;1.431;0.26;0.938
64;63.9291466;Zn;Zinc;30;48.6;5.22;;0;;3.42;0;3.42;0.93;Zn;30;-0.684;1.373;-0.978;1.021;-1.612;0.678;0.222;1.431;0.26;0.938
66;65.9260368;Zn;Zinc;30;27.9;5.97;;0;;4.48;0;4.48;0.62;Zn;30;-0.684;1.373;-0.978;1.021;-1.612;0.678;0.222;1.431;0.26;0.938
67;66.9271309;Zn;Zinc;30;4.1;7.56;;-1.5;;7.18;0.28;7.46;6.8;Zn;30;-0.684;1.373;-0.978;1.021;-1.612;0.678;0.222;1.431;0.26;0.938
68;67.9248476;Zn;Zinc;30;18.8;6.03;;0;;4.57;0;4.57;1.1;Zn;30;-0.684;1.373;-0.978;1.021;-1.612;0.678;0.222;1.431;0.26;0.938
70;69.925325;Zn;Zinc;30;0.6;6;;0;;4.5;0;4.5;0.092;Zn;30;-0.684;1.373;-0.978;1.021;-1.612;0.678;0.222;1.431;0.26;0.938
n;69.723;Ga;Gallium;31; ;7.288;; ;;6.675;0.16;6.83;2.75;Ga;31;-0.57;1.569;-0.841;1.168;-1.354;0.777;0.163;1.609;0.249;1.059
69;68.925581;Ga;Gallium;31;60.1;7.88;;-0.85;;7.8;0.091;7.89;2.18;Ga;31;-0.57;1.569;-0.841;1.168;-1.354;0.777;0.163;1.609;0.249;1.059
71;70.924705;Ga;Gallium;31;39.9;6.4;;-0.82;;5.15;0.084;5.23;3.61;Ga;31;-0.57;1.569;-0.841;1.168;-1.354;0.777;0.163;1.609;0.249;1.059
n;72.64;Ge;Germanium;32; ;8.185;; ;;8.42;0.18;8.6;2.2;Ge;32;-0.462;1.786;-0.717;1.331;-1.163;0.886;0.081;1.801;0.228;1.19
70;69.9242504;Ge;Germanium;32;20.5;10;;0;;12.6;0;12.6;3;Ge;32;-0.462;1.786;-0.717;1.331;-1.163;0.886;0.081;1.801;0.228;1.19
72;71.9220762;Ge;Germanium;32;27.4;8.51;;0;;9.1;0;9.1;0.8;Ge;32;-0.462;1.786;-0.717;1.331;-1.163;0.886;0.081;1.801;0.228;1.19
73;72.9234594;Ge;Germanium;32;7.8;5.02;;3.4;;3.17;1.5;4.7;15.1;Ge;32;-0.462;1.786;-0.717;1.331;-1.163;0.886;0.081;1.801;0.228;1.19
74;73.9211782;Ge;Germanium;32;36.5;7.58;;0;;7.2;0;7.2;0.4;Ge;32;-0.462;1.786;-0.717;1.331;-1.163;0.886;0.081;1.801;0.228;1.19
76;75.9214027;Ge;Germanium;32;7.8;8.2;;0;;8;0;8;0.16;Ge;32;-0.462;1.786;-0.717;1.331;-1.163;0.886;0.081;1.801;0.228;1.19
n;74.9216;As;Arsenic;33;;6.58;;-0.69;;5.44;0.06;5.5;4.5;As;33;-0.365;2.022;-0.607;1.508;-1.011;1.006;-0.03;2.007;0.196;1.332
75;74.9215964;As;Arsenic;33;100;6.58;;-0.69;;5.44;0.06;5.5;4.5;As;33;-0.365;2.022;-0.607;1.508;-1.011;1.006;-0.03;2.007;0.196;1.332
n;78.96;Se;Selenium;34; ;7.97;; ;;7.98;0.32;8.3;11.7;Se;34;-0.273;2.283;-0.503;1.704;-0.879;1.139;-0.178;2.223;0.152;1.481
74;73.9224766;Se;Selenium;34;0.9;0.8;;0;;0.1;0;0.1;51.8;Se;34;-0.273;2.283;-0.503;1.704;-0.879;1.139;-0.178;2.223;0.152;1.481
76;75.9192141;Se;Selenium;34;9;12.2;;0;;18.7;0;18.7;85;Se;34;-0.273;2.283;-0.503;1.704;-0.879;1.139;-0.178;2.223;0.152;1.481
77;76.9199146;Se;Selenium;34;7.6;8.25;;0.6;;8.6;0.05;8.65;42;Se;34;-0.273;2.283;-0.503;1.704;-0.879;1.139;-0.178;2.223;0.152;1.481
78;77.9173095;Se;Selenium;34;23.5;8.24;;0;;8.5;0;8.5;0.43;Se;34;-0.273;2.283;-0.503;1.704;-0.879;1.139;-0.178;2.223;0.152;1.481
80;79.9165218;Se;Selenium;34;49.6;7.48;;0;;7.03;0;7.03;0.61;Se;34;-0.273;2.283;-0.503;1.704;-0.879;1.139;-0.178;2.223;0.152;1.481
82;81.9167;Se;Selenium;34;9.4;6.34;;0;;5.05;0;5.05;0.044;Se;34;-0.273;2.283;-0.503;1.704;-0.879;1.139;-0.178;2.223;0.152;1.481
n;79.904;Br;Bromine;35; ;6.795;; ;;5.8;0.1;5.9;6.9;Br;35;-0.198;2.563;-0.413;1.916;-0.767;1.283;-0.374;2.456;0.09;1.643
79;78.9183376;Br;Bromine;35;50.69;6.8;;-1.1;;5.81;0.15;5.96;11;Br;35;-0.198;2.563;-0.413;1.916;-0.767;1.283;-0.374;2.456;0.09;1.643
81;80.916291;Br;Bromine;35;49.31;6.79;;0.6;;5.79;0.05;5.84;2.7;Br;35;-0.198;2.563;-0.413;1.916;-0.767;1.283;-0.374;2.456;0.09;1.643
n;83.798;Kr;Krypton;36; ;7.81;; ;;7.67;0.01;7.68;25;Kr;36;-0.13;2.872;-0.328;2.149;-0.665;1.439;-0.652;2.713;0.008;1.82
78;77.920386;Kr;Krypton;36;0.35; ;;0;; ;0; ;6.4;Kr;36;-0.13;2.872;-0.328;2.149;-0.665;1.439;-0.652;2.713;0.008;1.82
80;79.916378;Kr;Krypton;36;2.25; ;;0;; ;0; ;11.8;Kr;36;-0.13;2.872;-0.328;2.149;-0.665;1.439;-0.652;2.713;0.008;1.82
82;81.9134846;Kr;Krypton;36;11.6; ;;0;; ;0; ;29;Kr;36;-0.13;2.872;-0.328;2.149;-0.665;1.439;-0.652;2.713;0.008;1.82
83;82.914136;Kr;Krypton;36;11.5; ;; ;; ; ; ;185;Kr;36;-0.13;2.872;-0.328;2.149;-0.665;1.439;-0.652;2.713;0.008;1.82
84;83.911507;Kr;Krypton;36;57; ;;0;; ;0;6.6;0.113;Kr;36;-0.13;2.872;-0.328;2.149;-0.665;1.439;-0.652;2.713;0.008;1.82
86;85.9106103;Kr;Krypton;36;17.3;8.1;;0;;8.2;0;8.2;0.003;Kr;36;-0.13;2.872;-0.328;2.149;-0.665;1.439;-0.652;2.713;0.008;1.82
n;85.4678;Rb;Rubidium;37; ;7.09;; ;;6.32;0.5;6.8;0.38;Rb;37;-0.082;3.201;-0.256;2.398;-0.574;1.608;-1.044;2.973;-0.099;2.003
85;84.9117893;Rb;Rubidium;37;72.17;7.03;; ;;6.2;0.5;6.7;0.48;Rb;37;-0.082;3.201;-0.256;2.398;-0.574;1.608;-1.044;2.973;-0.099;2.003
87;86.9091835;Rb;Rubidium;37;27.83;7.23;; ;;6.6;0.5;7.1;0.12;Rb;37;-0.082;3.201;-0.256;2.398;-0.574;1.608;-1.044;2.973;-0.099;2.003
n;87.62;Sr;Strontium;38; ;7.02;; ;;6.19;0.06;6.25;1.28;Sr;38;-0.012;3.608;-0.161;2.709;-0.465;1.82;-1.657;3.264;-0.23;2.203
84;83.913425;Sr;Strontium;38;0.56;7;;0;;6;0;6;0.87;Sr;38;-0.012;3.608;-0.161;2.709;-0.465;1.82;-1.657;3.264;-0.23;2.203
86;85.9092624;Sr;Strontium;38;9.86;5.67;;0;;4.04;0;4.04;1.04;Sr;38;-0.012;3.608;-0.161;2.709;-0.465;1.82;-1.657;3.264;-0.23;2.203
87;86.9088793;Sr;Strontium;38;7;7.4;; ;;6.88;0.5;7.4;16;Sr;38;-0.012;3.608;-0.161;2.709;-0.465;1.82;-1.657;3.264;-0.23;2.203
88;87.9056143;Sr;Strontium;38;82.58;7.15;;0;;6.42;0;6.42;0.058;Sr;38;-0.012;3.608;-0.161;2.709;-0.465;1.82;-1.657;3.264;-0.23;2.203
n;88.90585;Y;Yttrium;39;;7.75;;1.1;;7.55;0.15;7.7;1.28;Y;39;0.006;4.002;-0.106;3.009;-0.386;2.025;-2.951;3.542;-0.406;2.411
89;88.9058479;Y;Yttrium;39;100;7.75;;1.1;;7.55;0.15;7.7;1.28;Y;39;0.006;4.002;-0.106;3.009;-0.386;2.025;-2.951;3.542;-0.406;2.411
n;91.224;Zr;Zirconium;40; ;7.16;; ;;6.44;0.02;6.46;0.185;Zr;40;0.007;4.422;-0.061;3.329;-0.314;2.245;-2.965;0.56;-0.639;2.63
90;89.9047037;Zr;Zirconium;40;51.45;6.4;;0;;5.1;0;5.1;0.011;Zr;40;0.007;4.422;-0.061;3.329;-0.314;2.245;-2.965;0.56;-0.639;2.63
91;90.905645;Zr;Zirconium;40;11.32;8.7;;-1.08;;9.5;0.15;9.7;1.17;Zr;40;0.007;4.422;-0.061;3.329;-0.314;2.245;-2.965;0.56;-0.639;2.63
92;91.9050401;Zr;Zirconium;40;17.19;7.4;;0;;6.9;0;6.9;0.22;Zr;40;0.007;4.422;-0.061;3.329;-0.314;2.245;-2.965;0.56;-0.639;2.63
94;93.9063158;Zr;Zirconium;40;17.28;8.2;;0;;8.4;0;8.4;0.0499;Zr;40;0.007;4.422;-0.061;3.329;-0.314;2.245;-2.965;0.56;-0.639;2.63
96;95.908276;Zr;Zirconium;40;2.76;5.5;;0;;3.8;0;3.8;0.0229;Zr;40;0.007;4.422;-0.061;3.329;-0.314;2.245;-2.965;0.56;-0.639;2.63
n;92.90638;Nb;Niobium;41;;7.054;;-0.139;;6.253;0.0024;6.255;1.15;Nb;41;-0.013;4.876;-0.028;3.676;-0.248;2.482;-2.197;0.621;-0.957;2.86
93;92.9063775;Nb;Niobium;41;100;7.054;;-0.139;;6.253;0.0024;6.255;1.15;Nb;41;-0.013;4.876;-0.028;3.676;-0.248;2.482;-2.197;0.621;-0.957;2.86
n;95.94;Mo;Molybdenum;42; ;6.715;; ;;5.67;0.04;5.71;2.48;Mo;42;-0.063;5.353;-0.012;4.043;-0.191;2.735;-1.825;0.688;-1.416;3.103
92;91.90681;Mo;Molybdenum;42;14.84;6.91;;0;;6;0;6;0.019;Mo;42;-0.063;5.353;-0.012;4.043;-0.191;2.735;-1.825;0.688;-1.416;3.103
94;93.9050876;Mo;Molybdenum;42;9.25;6.8;;0;;5.81;0;5.81;0.015;Mo;42;-0.063;5.353;-0.012;4.043;-0.191;2.735;-1.825;0.688;-1.416;3.103
95;94.9058415;Mo;Molybdenum;42;15.92;6.91;; ;;6;0.5;6.5;13.1;Mo;42;-0.063;5.353;-0.012;4.043;-0.191;2.735;-1.825;0.688;-1.416;3.103
96;95.9046789;Mo;Molybdenum;42;16.68;6.2;;0;;4.83;0;4.83;0.5;Mo;42;-0.063;5.353;-0.012;4.043;-0.191;2.735;-1.825;0.688;-1.416;3.103
97;96.906021;Mo;Molybdenum;42;9.55;7.24;;-;;6.59;0.5;7.1;2.5;Mo;42;-0.063;5.353;-0.012;4.043;-0.191;2.735;-1.825;0.688;-1.416;3.103
98;97.9054078;Mo;Molybdenum;42;24.13;6.58;;0;;5.44;0;5.44;0.127;Mo;42;-0.063;5.353;-0.012;4.043;-0.191;2.735;-1.825;0.688;-1.416;3.103
100;99.907477;Mo;Molybdenum;42;9.63;6.73;;0;;5.69;0;5.69;0.4;Mo;42;-0.063;5.353;-0.012;4.043;-0.191;2.735;-1.825;0.688;-1.416;3.103
n;97.907216;Tc;Technetium;43; ;6.8;; ;;5.8;0.5;6.3;20;Tc;43;-0.153;5.862;-0.017;4.434;-0.145;3.005;-1.59;0.759;-2.205;3.353
98;97.907216;Tc;Technetium;43; ;6.8;; ;;5.8;0.5;6.3;20;Tc;43;-0.153;5.862;-0.017;4.434;-0.145;3.005;-1.59;0.759;-2.205;3.353
n;101.07;Ru;Ruthenium;44; ;7.03;; ;;6.21;0.4;6.6;2.56;Ru;44;-0.27;6.406;-0.039;4.854;-0.105;3.296;-1.42;0.836;-5.524;3.651
96;95.907598;Ru;Ruthenium;44;5.5; ;;0;; ;0; ;0.28;Ru;44;-0.27;6.406;-0.039;4.854;-0.105;3.296;-1.42;0.836;-5.524;3.651
98;97.905287;Ru;Ruthenium;44;1.9; ;;0;; ;0; ;8;Ru;44;-0.27;6.406;-0.039;4.854;-0.105;3.296;-1.42;0.836;-5.524;3.651
99;98.9059393;Ru;Ruthenium;44;12.7; ;; ;; ; ; ;6.9;Ru;44;-0.27;6.406;-0.039;4.854;-0.105;3.296;-1.42;0.836;-5.524;3.651
100;99.9042197;Ru;Ruthenium;44;12.6; ;;0;; ;0; ;4.8;Ru;44;-0.27;6.406;-0.039;4.854;-0.105;3.296;-1.42;0.836;-5.524;3.651
101;100.9055822;Ru;Ruthenium;44;17; ;; ;; ; ; ;3.3;Ru;44;-0.27;6.406;-0.039;4.854;-0.105;3.296;-1.42;0.836;-5.524;3.651
102;101.9043495;Ru;Ruthenium;44;31.6; ;;0;; ;0;144.8;1.17;Ru;44;-0.27;6.406;-0.039;4.854;-0.105;3.296;-1.42;0.836;-5.524;3.651
104;103.90543;Ru;Ruthenium;44;18.7; ;;0;; ;0;4.483;0.31;Ru;44;-0.27;6.406;-0.039;4.854;-0.105;3.296;-1.42;0.836;-5.524;3.651
n;102.9055;Rh;Rhodium;45;;5.88;; ;;4.34;0.3;4.6;144.8;Rh;45;-0.424;6.984;-0.083;5.3;-0.077;3.605;-1.287;0.919;-2.649;0.596
103;102.905504;Rh;Rhodium;45;100;5.88;; ;;4.34;0.3;4.6;144.8;Rh;45;-0.424;6.984;-0.083;5.3;-0.077;3.605;-1.287;0.919;-2.649;0.596
n;106.42;Pd;Palladium;46; ;5.91;; ;;4.39;0.093;4.48;6.9;Pd;46;-0.639;7.594;-0.157;5.773;-0.059;3.934;-1.177;1.007;-2.128;0.654
102;101.905608;Pd;Palladium;46;1.02;7.7;;0;;7.5;0;7.5;3.4;Pd;46;-0.639;7.594;-0.157;5.773;-0.059;3.934;-1.177;1.007;-2.128;0.654
104;103.904035;Pd;Palladium;46;11.14;7.7;;0;;7.5;0;7.5;0.6;Pd;46;-0.639;7.594;-0.157;5.773;-0.059;3.934;-1.177;1.007;-2.128;0.654
105;104.905084;Pd;Palladium;46;22.33;5.5;;-2.6;;3.8;0.8;4.6;20;Pd;46;-0.639;7.594;-0.157;5.773;-0.059;3.934;-1.177;1.007;-2.128;0.654
106;105.903483;Pd;Palladium;46;27.33;6.4;;0;;5.1;0;5.1;0.304;Pd;46;-0.639;7.594;-0.157;5.773;-0.059;3.934;-1.177;1.007;-2.128;0.654
108;107.903894;Pd;Palladium;46;26.46;4.1;;0;;2.1;0;2.1;8.55;Pd;46;-0.639;7.594;-0.157;5.773;-0.059;3.934;-1.177;1.007;-2.128;0.654
110;109.905152;Pd;Palladium;46;11.72;7.7;;0;;7.5;0;7.5;0.226;Pd;46;-0.639;7.594;-0.157;5.773;-0.059;3.934;-1.177;1.007;-2.128;0.654
n;107.8682;Ag;Silver;47; ;5.922;; ;;4.407;0.58;4.99;63.3;Ag;47;-0.924;8.235;-0.259;6.271;-0.06;4.282;-1.085;1.101;-1.834;0.717
107;106.905093;Ag;Silver;47;51.83;7.555;;1;;7.17;0.13;7.3;37.6;Ag;47;-0.924;8.235;-0.259;6.271;-0.06;4.282;-1.085;1.101;-1.834;0.717
109;108.904756;Ag;Silver;47;48.17;4.165;;-1.6;;2.18;0.32;2.5;91;Ag;47;-0.924;8.235;-0.259;6.271;-0.06;4.282;-1.085;1.101;-1.834;0.717
n;112.411;Cd;Cadmium;48; ;4.87;-0.7; ;;3.04;3.46;6.5;2520;Cd;48;-1.303;8.912;-0.416;6.8;-0.079;4.653;-1.005;1.202;-1.637;0.783
106;105.906458;Cd;Cadmium;48;1.25;5;;0;;3.1;0;3.1;1;Cd;48;-1.303;8.912;-0.416;6.8;-0.079;4.653;-1.005;1.202;-1.637;0.783
108;107.904183;Cd;Cadmium;48;0.89;5.4;;0;;3.7;0;3.7;1.1;Cd;48;-1.303;8.912;-0.416;6.8;-0.079;4.653;-1.005;1.202;-1.637;0.783
110;109.903006;Cd;Cadmium;48;12.51;5.9;;0;;4.4;0;4.4;11;Cd;48;-1.303;8.912;-0.416;6.8;-0.079;4.653;-1.005;1.202;-1.637;0.783
111;110.904182;Cd;Cadmium;48;12.81;6.5;; ;;5.3;0.3;5.6;24;Cd;48;-1.303;8.912;-0.416;6.8;-0.079;4.653;-1.005;1.202;-1.637;0.783
112;111.9027572;Cd;Cadmium;48;24.13;6.4;;0;;5.1;0;5.1;2.2;Cd;48;-1.303;8.912;-0.416;6.8;-0.079;4.653;-1.005;1.202;-1.637;0.783
113;112.9044009;Cd;Cadmium;48;12.22;-8;-5.73; ;;12.1;0.3;12.4;20600;Cd;48;-1.303;8.912;-0.416;6.8;-0.079;4.653;-1.005;1.202;-1.637;0.783
114;113.9033581;Cd;Cadmium;48;28.72;7.5;;0;;7.1;0;7.1;0.34;Cd;48;-1.303;8.912;-0.416;6.8;-0.079;4.653;-1.005;1.202;-1.637;0.783
116;115.904755;Cd;Cadmium;48;7.47;6.3;;0;;5;0;5;0.075;Cd;48;-1.303;8.912;-0.416;6.8;-0.079;4.653;-1.005;1.202;-1.637;0.783
n;114.818;In;Indium;49; ;4.065;-0.0539; ;;2.08;0.54;2.62;193.8;In;49;-1.788;9.627;-0.626;7.356;-0.126;5.045;-0.936;1.31;-1.493;0.854
113;112.904061;In;Indium;49;4.3;5.39;;0.017;;3.65;0.000037;3.65;12;In;49;-1.788;9.627;-0.626;7.356;-0.126;5.045;-0.936;1.31;-1.493;0.854
115;114.903878;In;Indium;49;95.7;4.01;-0.0562;-2.1;;2.02;0.55;2.57;202;In;49;-1.788;9.627;-0.626;7.356;-0.126;5.045;-0.936;1.31;-1.493;0.854
n;118.71;Sn;Tin;50; ;6.225;; ;;4.871;0.022;4.892;0.626;Sn;50;-2.401;10.38;-0.888;7.943;-0.194;5.459;-0.873;1.424;-1.378;0.93
112;111.904821;Sn;Tin;50;1;6;;0;;4.5;0;4.5;1;Sn;50;-2.401;10.38;-0.888;7.943;-0.194;5.459;-0.873;1.424;-1.378;0.93
114;113.902782;Sn;Tin;50;0.7;6.2;;0;;4.8;0;4.8;0.114;Sn;50;-2.401;10.38;-0.888;7.943;-0.194;5.459;-0.873;1.424;-1.378;0.93
115;114.903346;Sn;Tin;50;0.4;6;; ;;4.5;0.3;4.8;30;Sn;50;-2.401;10.38;-0.888;7.943;-0.194;5.459;-0.873;1.424;-1.378;0.93
116;115.901744;Sn;Tin;50;14.7;5.93;;0;;4.42;0;4.42;0.14;Sn;50;-2.401;10.38;-0.888;7.943;-0.194;5.459;-0.873;1.424;-1.378;0.93
117;116.902954;Sn;Tin;50;7.7;6.48;; ;;5.28;0.3;5.6;2.3;Sn;50;-2.401;10.38;-0.888;7.943;-0.194;5.459;-0.873;1.424;-1.378;0.93
118;117.901606;Sn;Tin;50;24.3;6.07;;0;;4.63;0;4.63;0.22;Sn;50;-2.401;10.38;-0.888;7.943;-0.194;5.459;-0.873;1.424;-1.378;0.93
119;118.903309;Sn;Tin;50;8.6;6.12;; ;;4.71;0.3;5;2.2;Sn;50;-2.401;10.38;-0.888;7.943;-0.194;5.459;-0.873;1.424;-1.378;0.93
120;119.9021966;Sn;Tin;50;32.4;6.49;;0;;5.29;0;5.29;0.14;Sn;50;-2.401;10.38;-0.888;7.943;-0.194;5.459;-0.873;1.424;-1.378;0.93
122;121.9034401;Sn;Tin;50;4.6;5.74;;0;;4.14;0;4.14;0.18;Sn;50;-2.401;10.38;-0.888;7.943;-0.194;5.459;-0.873;1.424;-1.378;0.93
124;123.9052746;Sn;Tin;50;5.6;5.97;;0;;4.48;0;4.48;0.133;Sn;50;-2.401;10.38;-0.888;7.943;-0.194;5.459;-0.873;1.424;-1.378;0.93
n;121.76;Sb;Antimony;51; ;5.57;; ;;3.9;0.007;3.9;4.91;Sb;51;-3.194;11.166;-1.214;8.557;-0.287;5.894;-0.816;1.546;-1.284;1.01
121;120.903818;Sb;Antimony;51;57.3;5.71;;-0.05;;4.1;0.0003;4.1;5.75;Sb;51;-3.194;11.166;-1.214;8.557;-0.287;5.894;-0.816;1.546;-1.284;1.01
123;122.9042157;Sb;Antimony;51;42.7;5.38;;-0.1;;3.64;0.001;3.64;3.8;Sb;51;-3.194;11.166;-1.214;8.557;-0.287;5.894;-0.816;1.546;-1.284;1.01
n;127.6;Te;Tellurium;52; ;5.8;;-;;4.23;0.09;4.32;4.7;Te;52;-4.267;11.995;-1.63;9.203;-0.418;6.352;-0.772;1.675;-1.212;1.096
120;119.90402;Te;Tellurium;52;0.096;5.3;;0;;3.5;0;3.5;2.3;Te;52;-4.267;11.995;-1.63;9.203;-0.418;6.352;-0.772;1.675;-1.212;1.096
122;121.9030471;Te;Tellurium;52;2.6;3.8;;0;;1.8;0;1.8;3.4;Te;52;-4.267;11.995;-1.63;9.203;-0.418;6.352;-0.772;1.675;-1.212;1.096
123;122.904273;Te;Tellurium;52;0.908;-0.05;-0.116;-2.04;;0.002;0.52;0.52;418;Te;52;-4.267;11.995;-1.63;9.203;-0.418;6.352;-0.772;1.675;-1.212;1.096
124;123.9028195;Te;Tellurium;52;4.816;7.96;;0;;8;0;8;6.8;Te;52;-4.267;11.995;-1.63;9.203;-0.418;6.352;-0.772;1.675;-1.212;1.096
125;124.9044247;Te;Tellurium;52;7.14;5.02;;-0.26;;3.17;0.008;3.18;1.55;Te;52;-4.267;11.995;-1.63;9.203;-0.418;6.352;-0.772;1.675;-1.212;1.096
126;125.9033055;Te;Tellurium;52;18.95;5.56;;0;;3.88;0;3.88;1.04;Te;52;-4.267;11.995;-1.63;9.203;-0.418;6.352;-0.772;1.675;-1.212;1.096
128;127.9044614;Te;Tellurium;52;31.69;5.89;;0;;4.36;0;4.36;0.215;Te;52;-4.267;11.995;-1.63;9.203;-0.418;6.352;-0.772;1.675;-1.212;1.096
130;129.9062228;Te;Tellurium;52;33.8;6.02;;0;;4.55;0;4.55;0.29;Te;52;-4.267;11.995;-1.63;9.203;-0.418;6.352;-0.772;1.675;-1.212;1.096
n;126.90447;I;Iodine;53;;5.28;;1.58;;3.5;0.31;3.81;6.15;I;53;-5.852;12.85;-2.147;9.885;-0.579;6.835;-0.726;1.812;-1.144;1.187
127;126.904468;I;Iodine;53;100;5.28;;1.58;;3.5;0.31;3.81;6.15;I;53;-5.852;12.85;-2.147;9.885;-0.579;6.835;-0.726;1.812;-1.144;1.187
n;131.293;Xe;Xenon;54; ;4.92;;3.04;;2.96;0; ;23.9;Xe;54;-8.133;11.933;-2.812;10.608;-0.783;7.348;-0.684;1.958;-1.084;1.284
124;123.9058958;Xe;Xenon;54;0.1; ;;0;; ;0; ;165;Xe;54;-8.133;11.933;-2.812;10.608;-0.783;7.348;-0.684;1.958;-1.084;1.284
126;125.904269;Xe;Xenon;54;0.09; ;;0;; ;0; ;3.5;Xe;54;-8.133;11.933;-2.812;10.608;-0.783;7.348;-0.684;1.958;-1.084;1.284
128;127.9035304;Xe;Xenon;54;1.91; ;;0;; ;0; ;8;Xe;54;-8.133;11.933;-2.812;10.608;-0.783;7.348;-0.684;1.958;-1.084;1.284
129;128.9047795;Xe;Xenon;54;26.4; ;; ;; ; ; ;21;Xe;54;-8.133;11.933;-2.812;10.608;-0.783;7.348;-0.684;1.958;-1.084;1.284
130;129.9035079;Xe;Xenon;54;4.1; ;;0;; ;0; ;26;Xe;54;-8.133;11.933;-2.812;10.608;-0.783;7.348;-0.684;1.958;-1.084;1.284
131;130.9050819;Xe;Xenon;54;21.2; ;; ;; ; ; ;85;Xe;54;-8.133;11.933;-2.812;10.608;-0.783;7.348;-0.684;1.958;-1.084;1.284
132;131.9041545;Xe;Xenon;54;26.9; ;;0;; ;0; ;0.45;Xe;54;-8.133;11.933;-2.812;10.608;-0.783;7.348;-0.684;1.958;-1.084;1.284
134;133.9053945;Xe;Xenon;54;10.4; ;;0;; ;0; ;0.265;Xe;54;-8.133;11.933;-2.812;10.608;-0.783;7.348;-0.684;1.958;-1.084;1.284
136;135.90722;Xe;Xenon;54;8.9; ;;0;; ;0; ;0.26;Xe;54;-8.133;11.933;-2.812;10.608;-0.783;7.348;-0.684;1.958;-1.084;1.284
n;132.90545;Cs;Caesium;55;;5.42;;1.29;;3.69;0.21;3.9;29;Cs;55;-10.742;12.919;-3.652;11.382;-1.022;7.904;-0.644;2.119;-1.029;1.391
133;132.905447;Cs;Caesium;55;100;5.42;;1.29;;3.69;0.21;3.9;29;Cs;55;-10.742;12.919;-3.652;11.382;-1.022;7.904;-0.644;2.119;-1.029;1.391
n;137.327;Ba;Barium;56; ;5.07;; ;;3.23;0.15;3.38;1.1;Ba;56;-11.46;9.981;-4.832;12.164;-1.334;8.46;-0.613;2.282;-0.983;1.5
130;129.90631;Ba;Barium;56;0.11;-3.6;;0;;1.6;0;1.6;30;Ba;56;-11.46;9.981;-4.832;12.164;-1.334;8.46;-0.613;2.282;-0.983;1.5
132;131.905056;Ba;Barium;56;0.1;7.8;;0;;7.6;0;7.6;7;Ba;56;-11.46;9.981;-4.832;12.164;-1.334;8.46;-0.613;2.282;-0.983;1.5
134;133.904503;Ba;Barium;56;2.42;5.7;;0;;4.08;0;4.08;2;Ba;56;-11.46;9.981;-4.832;12.164;-1.334;8.46;-0.613;2.282;-0.983;1.5
135;134.905683;Ba;Barium;56;6.59;4.67;; ;;2.74;0.5;3.2;5.8;Ba;56;-11.46;9.981;-4.832;12.164;-1.334;8.46;-0.613;2.282;-0.983;1.5
136;135.90457;Ba;Barium;56;7.85;4.91;;0;;3.03;0;3.03;0.68;Ba;56;-11.46;9.981;-4.832;12.164;-1.334;8.46;-0.613;2.282;-0.983;1.5
137;136.905821;Ba;Barium;56;11.23;6.83;; ;;5.86;0.5;6.4;3.6;Ba;56;-11.46;9.981;-4.832;12.164;-1.334;8.46;-0.613;2.282;-0.983;1.5
138;137.905241;Ba;Barium;56;71.7;4.84;;0;;2.94;0;2.94;0.27;Ba;56;-11.46;9.981;-4.832;12.164;-1.334;8.46;-0.613;2.282;-0.983;1.5
n;138.9055;La;Lanthanum;57; ;8.24;; ;;8.53;1.13;9.66;8.97;La;57;-12.135;3.565;-6.683;12.937;-1.716;9.036;-0.588;2.452;-0.942;1.615
138;137.907107;La;Lanthanum;57;0.09;8;; ;;8;0.5;8.5;57;La;57;-12.135;3.565;-6.683;12.937;-1.716;9.036;-0.588;2.452;-0.942;1.615
139;138.906348;La;Lanthanum;57;99.91;8.24;;3;;8.53;1.13;9.66;8.93;La;57;-12.135;3.565;-6.683;12.937;-1.716;9.036;-0.588;2.452;-0.942;1.615
n;140.116;Ce;Cerium;58; ;4.84;; ;;2.94;0.001;2.94;0.63;Ce;58;-9.574;3.843;-8.388;11.953;-2.17;9.648;-0.564;2.632;-0.904;1.735
136;135.90714;Ce;Cerium;58;0.19;5.8;;0;;4.23;0;4.23;7.3;Ce;58;-9.574;3.843;-8.388;11.953;-2.17;9.648;-0.564;2.632;-0.904;1.735
138;137.905986;Ce;Cerium;58;0.25;6.7;;0;;5.64;0;5.64;1.1;Ce;58;-9.574;3.843;-8.388;11.953;-2.17;9.648;-0.564;2.632;-0.904;1.735
140;139.905434;Ce;Cerium;58;88.48;4.84;;0;;2.94;0;2.94;0.57;Ce;58;-9.574;3.843;-8.388;11.953;-2.17;9.648;-0.564;2.632;-0.904;1.735
142;141.90924;Ce;Cerium;58;11.08;4.75;;0;;2.84;0;2.84;0.95;Ce;58;-9.574;3.843;-8.388;11.953;-2.17;9.648;-0.564;2.632;-0.904;1.735
n;140.90765;Pr;Praseodymium;59;;4.58;;-0.35;;2.64;0.015;2.66;11.5;Pr;59;-7.817;4.13;-12.457;6.285;-2.939;10.535;-0.53;2.845;-0.859;1.873
141;140.907648;Pr;Praseodymium;59;100;4.58;;-0.35;;2.64;0.015;2.66;11.5;Pr;59;-7.817;4.13;-12.457;6.285;-2.939;10.535;-0.53;2.845;-0.859;1.873
n;144.24;Nd;Neodymium;60; ;7.69;; ;;7.43;9.2;16.6;50.5;Nd;60;-7.486;4.427;-11.016;9.874;-3.431;10.933;-0.535;3.018;-0.842;1.995
142;141.907719;Nd;Neodymium;60;27.16;7.7;;0;;7.5;0;7.5;18.7;Nd;60;-7.486;4.427;-11.016;9.874;-3.431;10.933;-0.535;3.018;-0.842;1.995
143;142.90981;Nd;Neodymium;60;12.18;14;;21;;25;55;80;337;Nd;60;-7.486;4.427;-11.016;9.874;-3.431;10.933;-0.535;3.018;-0.842;1.995
144;143.910083;Nd;Neodymium;60;23.8;2.8;;0;;1;0;1;3.6;Nd;60;-7.486;4.427;-11.016;9.874;-3.431;10.933;-0.535;3.018;-0.842;1.995
145;144.912569;Nd;Neodymium;60;8.29;14;; ;;25;5;30;42;Nd;60;-7.486;4.427;-11.016;9.874;-3.431;10.933;-0.535;3.018;-0.842;1.995
146;145.913112;Nd;Neodymium;60;17.19;8.7;;0;;9.5;0;9.5;1.4;Nd;60;-7.486;4.427;-11.016;9.874;-3.431;10.933;-0.535;3.018;-0.842;1.995
148;147.916889;Nd;Neodymium;60;5.75;5.7;;0;;4.1;0;4.1;2.5;Nd;60;-7.486;4.427;-11.016;9.874;-3.431;10.933;-0.535;3.018;-0.842;1.995
150;149.920887;Nd;Neodymium;60;5.63;5.3;;0;;3.5;0;3.5;1.2;Nd;60;-7.486;4.427;-11.016;9.874;-3.431;10.933;-0.535;3.018;-0.842;1.995
n;144.912744;Pm;Promethium;61;;12.6;;3.2;;20;1.3;21.3;168.4;Pm;61;-6.891;4.741;-12.122;3.627;-4.357;11.614;-0.53;3.225;-0.818;2.135
145;144.912744;Pm;Promethium;61;;12.6;;3.2;;20;1.3;21.3;168.4;Pm;61;-6.891;4.741;-12.122;3.627;-4.357;11.614;-0.53;3.225;-0.818;2.135
n;150.36;Sm;Samarium;62;0.8;-1.65;;;;0.422;39;39;5922;Sm;62;-6.429;5.073;-9.616;3.883;-5.696;12.32;-0.533;3.442;-0.798;2.281
144;143.911995;Sm;Samarium;62;3.1;-3;;0;;1;0;1;0.7;Sm;62;-6.429;5.073;-9.616;3.883;-5.696;12.32;-0.533;3.442;-0.798;2.281
147;146.914893;Sm;Samarium;62;15.1;14;;11;;25;143;39;57;Sm;62;-6.429;5.073;-9.616;3.883;-5.696;12.32;-0.533;3.442;-0.798;2.281
148;147.914818;Sm;Samarium;62;11.3;-3;;0;;1;0;1;2.4;Sm;62;-6.429;5.073;-9.616;3.883;-5.696;12.32;-0.533;3.442;-0.798;2.281
149;148.91718;Sm;Samarium;62;13.9;-19.2;-11.7;31.4;-10.3;63.5;137;200;42080;Sm;62;-6.429;5.073;-9.616;3.883;-5.696;12.32;-0.533;3.442;-0.798;2.281
150;149.917271;Sm;Samarium;62;7.4;14;;0;;25;0;25;104;Sm;62;-6.429;5.073;-9.616;3.883;-5.696;12.32;-0.533;3.442;-0.798;2.281
152;151.919728;Sm;Samarium;62;26.6;-5;;0;;3.1;0;3.1;206;Sm;62;-6.429;5.073;-9.616;3.883;-5.696;12.32;-0.533;3.442;-0.798;2.281
154;153.922205;Sm;Samarium;62;22.6;9.3;;0;;11;0;11;8.4;Sm;62;-6.429;5.073;-9.616;3.883;-5.696;12.32;-0.533;3.442;-0.798;2.281
n;151.964;Eu;Europium;63; ;7.22;-1.26; ;;6.57;2.5;9.2;4530;Eu;63;-6.05;5.416;-8.352;4.149;-7.718;11.276;-0.542;3.669;-0.782;2.435
151;150.919846;Eu;Europium;63;47.8;6.13;-2.53;4.5;-2.14;;;;;Eu;63;-6.05;5.416;-8.352;4.149;-7.718;11.276;-0.542;3.669;-0.782;2.435
153;152.921226;Eu;Europium;63;52.2;8.22;;3.2;;8.5;1.3;9.8;312;Eu;63;-6.05;5.416;-8.352;4.149;-7.718;11.276;-0.542;3.669;-0.782;2.435
n;157.25;Gd;Gadolinium;64; ;6.5;-13.82; ;;29.3;151;180;49700;Gd;64;-5.779;5.773;-7.565;4.427;-9.242;11.946;-0.564;3.904;-0.774;2.595
152;151.919788;Gd;Gadolinium;64;0.2;10;;0;;13;0;13;735;Gd;64;-5.779;5.773;-7.565;4.427;-9.242;11.946;-0.564;3.904;-0.774;2.595
154;153.920862;Gd;Gadolinium;64;2.1;10;;0;;13;0;13;85;Gd;64;-5.779;5.773;-7.565;4.427;-9.242;11.946;-0.564;3.904;-0.774;2.595
155;154.922619;Gd;Gadolinium;64;14.8;6;-17;5;-13.16;40.8;25;66;61100;Gd;64;-5.779;5.773;-7.565;4.427;-9.242;11.946;-0.564;3.904;-0.774;2.595
156;155.92212;Gd;Gadolinium;64;20.6;6.3;;0;;5;0;5;1.5;Gd;64;-5.779;5.773;-7.565;4.427;-9.242;11.946;-0.564;3.904;-0.774;2.595
157;156.923957;Gd;Gadolinium;64;15.7;-1.14;-71.9;5;-55.8;650;394;1044;259000;Gd;64;-5.779;5.773;-7.565;4.427;-9.242;11.946;-0.564;3.904;-0.774;2.595
158;157.924101;Gd;Gadolinium;64;24.8;9;;0;;10;0;10;2.2;Gd;64;-5.779;5.773;-7.565;4.427;-9.242;11.946;-0.564;3.904;-0.774;2.595
160;159.927051;Gd;Gadolinium;64;21.8;9.15;;0;;10.52;0;10.52;0.77;Gd;64;-5.779;5.773;-7.565;4.427;-9.242;11.946;-0.564;3.904;-0.774;2.595
n;158.92534;Tb;Terbium;65;;7.38;;-0.17;;6.84;0.004;6.84;23.4;Tb;65;-5.525;6.153;-6.98;4.721;-9.498;9.242;-0.591;4.151;-0.767;2.764
159;158.925343;Tb;Terbium;65;100;7.38;;-0.17;;6.84;0.004;6.84;23.4;Tb;65;-5.525;6.153;-6.98;4.721;-9.498;9.242;-0.591;4.151;-0.767;2.764
n;162.5;Dy;Dysprosium;66; ;16.9;-0.276; ;;35.9;54.4;90.3;994;Dy;66;-5.25;6.549;-6.492;5.026;-10.423;9.748;-0.619;4.41;-0.761;2.94
156;155.924278;Dy;Dysprosium;66;0.06;6.1;;0;;4.7;0;4.7;33;Dy;66;-5.25;6.549;-6.492;5.026;-10.423;9.748;-0.619;4.41;-0.761;2.94
158;157.924405;Dy;Dysprosium;66;0.1;6;;0;;5;0;5;43;Dy;66;-5.25;6.549;-6.492;5.026;-10.423;9.748;-0.619;4.41;-0.761;2.94
160;159.925194;Dy;Dysprosium;66;2.34;6.7;;0;;5.6;0;5.6;56;Dy;66;-5.25;6.549;-6.492;5.026;-10.423;9.748;-0.619;4.41;-0.761;2.94
161;160.92693;Dy;Dysprosium;66;19;10.3;;4.9;;13.3;3;16;600;Dy;66;-5.25;6.549;-6.492;5.026;-10.423;9.748;-0.619;4.41;-0.761;2.94
162;161.926795;Dy;Dysprosium;66;25.5;-1.4;;0;;0.25;0;0.25;194;Dy;66;-5.25;6.549;-6.492;5.026;-10.423;9.748;-0.619;4.41;-0.761;2.94
163;162.928728;Dy;Dysprosium;66;24.9;5;;1.3;;3.1;0.21;3.3;124;Dy;66;-5.25;6.549;-6.492;5.026;-10.423;9.748;-0.619;4.41;-0.761;2.94
164;163.929171;Dy;Dysprosium;66;28.1;49.4;-0.79;0;;307;0;307;2840;Dy;66;-5.25;6.549;-6.492;5.026;-10.423;9.748;-0.619;4.41;-0.761;2.94
n;164.93032;Ho;Holmium;67;;8.01;;-1.7;;8.06;0.36;8.42;64.7;Ho;67;-5.04;6.958;-6.112;5.343;-12.255;3.704;-0.666;4.678;-0.765;3.124
165;164.930319;Ho;Holmium;67;100;8.01;;-1.7;;8.06;0.36;8.42;64.7;Ho;67;-5.04;6.958;-6.112;5.343;-12.255;3.704;-0.666;4.678;-0.765;3.124
n;167.259;Er;Erbium;68; ;7.79;; ;;7.63;1.1;8.7;159;Er;68;-4.878;7.387;-5.81;5.675;-9.733;3.937;-0.723;4.958;-0.773;3.316
162;161.928775;Er;Erbium;68;0.14;8.8;;0;;9.7;0;9.7;19;Er;68;-4.878;7.387;-5.81;5.675;-9.733;3.937;-0.723;4.958;-0.773;3.316
164;163.929197;Er;Erbium;68;1.56;8.2;;0;;8.4;0;8.4;13;Er;68;-4.878;7.387;-5.81;5.675;-9.733;3.937;-0.723;4.958;-0.773;3.316
166;165.93029;Er;Erbium;68;33.4;10.6;;0;;14.1;0;14.1;19.6;Er;68;-4.878;7.387;-5.81;5.675;-9.733;3.937;-0.723;4.958;-0.773;3.316
167;166.932045;Er;Erbium;68;22.9;3;;1;;1.1;0.13;1.2;659;Er;68;-4.878;7.387;-5.81;5.675;-9.733;3.937;-0.723;4.958;-0.773;3.316
168;167.932368;Er;Erbium;68;27.1;7.4;;0;;6.9;0;6.9;2.74;Er;68;-4.878;7.387;-5.81;5.675;-9.733;3.937;-0.723;4.958;-0.773;3.316
170;169.93546;Er;Erbium;68;14.9;9.6;;0;;11.6;0;11.6;5.8;Er;68;-4.878;7.387;-5.81;5.675;-9.733;3.937;-0.723;4.958;-0.773;3.316
n;168.93421;Tm;Thulium;69;100;7.07;;0.9;;6.28;0.1;6.38;100;Tm;69;-4.753;7.833;-5.565;6.022;-8.488;4.181;-0.795;5.248;-0.79;3.515
169;168.93421;Tm;Thulium;69;100;7.07;;0.9;;6.28;0.1;6.38;100;Tm;69;-4.753;7.833;-5.565;6.022;-8.488;4.181;-0.795;5.248;-0.79;3.515
n;173.04;Yb;Ytterbium;70; ;12.43;; ;;19.42;4;23.4;34.8;Yb;70;-4.652;8.291;-5.361;6.378;-7.701;4.432;-0.884;5.548;-0.815;3.723
168;167.933894;Yb;Ytterbium;70;0.14;-4.07;-0.62;0;;2.13;0;2.13;2230;Yb;70;-4.652;8.291;-5.361;6.378;-7.701;4.432;-0.884;5.548;-0.815;3.723
170;169.934759;Yb;Ytterbium;70;3.06;6.77;;0;;5.8;0;5.8;11.4;Yb;70;-4.652;8.291;-5.361;6.378;-7.701;4.432;-0.884;5.548;-0.815;3.723
171;170.936322;Yb;Ytterbium;70;14.3;9.66;;-5.59;;11.7;3.9;15.6;48.6;Yb;70;-4.652;8.291;-5.361;6.378;-7.701;4.432;-0.884;5.548;-0.815;3.723
172;171.9363777;Yb;Ytterbium;70;21.9;9.43;;0;;11.2;0;11.2;0.8;Yb;70;-4.652;8.291;-5.361;6.378;-7.701;4.432;-0.884;5.548;-0.815;3.723
173;172.9382068;Yb;Ytterbium;70;16.1;9.56;;-5.3;;11.5;3.5;15;17.1;Yb;70;-4.652;8.291;-5.361;6.378;-7.701;4.432;-0.884;5.548;-0.815;3.723
174;173.9388581;Yb;Ytterbium;70;31.8;19.3;;0;;46.8;0;46.8;69.4;Yb;70;-4.652;8.291;-5.361;6.378;-7.701;4.432;-0.884;5.548;-0.815;3.723
176;175.942568;Yb;Ytterbium;70;12.7;8.72;;0;;9.6;0;9.6;2.85;Yb;70;-4.652;8.291;-5.361;6.378;-7.701;4.432;-0.884;5.548;-0.815;3.723
n;174.967;Lu;Lutetium;71; ;7.21;; ;;6.53;0.7;7.2;74;Lu;71;-4.58;8.759;-5.19;6.745;-7.133;4.693;-0.988;5.858;-0.847;3.937
175;174.9407679;Lu;Lutetium;71;97.39;7.24;;2.2;;6.59;0.6;7.2;21;Lu;71;-4.58;8.759;-5.19;6.745;-7.133;4.693;-0.988;5.858;-0.847;3.937
176;175.9426824;Lu;Lutetium;71;2.61;6.1;-0.57;3;0.61;4.7;1.2;5.9;2065;Lu;71;-4.58;8.759;-5.19;6.745;-7.133;4.693;-0.988;5.858;-0.847;3.937
n;178.49;Hf;Hafnium;72; ;7.7;; ;;7.6;2.6;10.2;104.1;Hf;72;-4.592;9.277;-5.088;7.148;-6.715;4.977;-1.118;6.185;-0.89;4.164
174;173.94004;Hf;Hafnium;72;0.2;10.9;;0;;15;0;15.(3.);561;Hf;72;-4.592;9.277;-5.088;7.148;-6.715;4.977;-1.118;6.185;-0.89;4.164
176;175.9414018;Hf;Hafnium;72;5.2;6.61;;0;;5.5;0;5.5;23.5;Hf;72;-4.592;9.277;-5.088;7.148;-6.715;4.977;-1.118;6.185;-0.89;4.164
177;176.94322;Hf;Hafnium;72;18.6;0.8;;0.9;;0.1;0.1;0.2;373;Hf;72;-4.592;9.277;-5.088;7.148;-6.715;4.977;-1.118;6.185;-0.89;4.164
178;177.9436977;Hf;Hafnium;72;27.1;5.9;;0;;4.4;0;4.4;84;Hf;72;-4.592;9.277;-5.088;7.148;-6.715;4.977;-1.118;6.185;-0.89;4.164
179;178.9458151;Hf;Hafnium;72;13.7;7.46;;1.06;;7;0.14;7.1;41;Hf;72;-4.592;9.277;-5.088;7.148;-6.715;4.977;-1.118;6.185;-0.89;4.164
180;179.9465488;Hf;Hafnium;72;35.2;13.2;;0;;21.9;0;21.9;13.04;Hf;72;-4.592;9.277;-5.088;7.148;-6.715;4.977;-1.118;6.185;-0.89;4.164
n;180.9479;Ta;Tantalum;73; ;6.91;; ;;6;0.01;6.01;20.6;Ta;73;-4;9.811;-4.948;7.565;-6.351;5.271;-1.258;6.523;-0.937;4.399
180;179.947466;Ta;Tantalum;73;0.012;7;; ;;6.2;0.5;7;563;Ta;73;-4;9.811;-4.948;7.565;-6.351;5.271;-1.258;6.523;-0.937;4.399
181;180.947996;Ta;Tantalum;73;99.988;6.91;;-0.29;;6;0.011;6.01;20.5;Ta;73;-4;9.811;-4.948;7.565;-6.351;5.271;-1.258;6.523;-0.937;4.399
n;183.84;W;Tungsten;74; ;4.86;; ;;2.97;1.63;4.6;18.3;W;74;-4.499;10.364;-4.823;7.996;-6.048;5.577;-1.421;6.872;-0.993;4.643
180;179.946706;W;Tungsten;74;0.1;5;;0;;3;0;3;30;W;74;-4.499;10.364;-4.823;7.996;-6.048;5.577;-1.421;6.872;-0.993;4.643
182;181.948206;W;Tungsten;74;26.3;6.97;;0;;6.1;0;6.1;20.7;W;74;-4.499;10.364;-4.823;7.996;-6.048;5.577;-1.421;6.872;-0.993;4.643
183;182.9502245;W;Tungsten;74;14.3;6.53;; ;;5.36;0.3;5.7;10.1;W;74;-4.499;10.364;-4.823;7.996;-6.048;5.577;-1.421;6.872;-0.993;4.643
184;183.9509326;W;Tungsten;74;30.7;7.48;;0;;7.03;0;7.03;1.7;W;74;-4.499;10.364;-4.823;7.996;-6.048;5.577;-1.421;6.872;-0.993;4.643
186;185.954362;W;Tungsten;74;28.6;-0.72;;0;;0.065;0;0.065;37.9;W;74;-4.499;10.364;-4.823;7.996;-6.048;5.577;-1.421;6.872;-0.993;4.643
n;186.207;Re;Rhenium;75; ;9.2;; ;;10.6;0.9;11.5;89.7;Re;75;-4.483;10.929;-4.719;8.439;-5.79;5.891;-1.598;7.232;-1.048;4.894
185;184.9529557;Re;Rhenium;75;37.4;9;;2;;10.2;0.5;10.7;112;Re;75;-4.483;10.929;-4.719;8.439;-5.79;5.891;-1.598;7.232;-1.048;4.894
187;186.9557508;Re;Rhenium;75;62.6;9.3;;2.8;;10.9;1;11.9;76.4;Re;75;-4.483;10.929;-4.719;8.439;-5.79;5.891;-1.598;7.232;-1.048;4.894
n;190.23;Os;Osmium;76; ;10.7;; ;;14.4;0.3;14.7;16;Os;76;-4.503;11.52;-4.647;8.903;-5.581;6.221;-1.816;7.605;-1.127;5.156
184;183.952491;Os;Osmium;76;0.02;10;;0;;13;0;13;3000;Os;76;-4.503;11.52;-4.647;8.903;-5.581;6.221;-1.816;7.605;-1.127;5.156
186;185.953838;Os;Osmium;76;1.58;11.6;;0;;17;0;17;80;Os;76;-4.503;11.52;-4.647;8.903;-5.581;6.221;-1.816;7.605;-1.127;5.156
187;186.9557479;Os;Osmium;76;1.6;10;; ;;13;0.3;13;320;Os;76;-4.503;11.52;-4.647;8.903;-5.581;6.221;-1.816;7.605;-1.127;5.156
188;187.955836;Os;Osmium;76;13.3;7.6;;0;;7.3;0;7.3;4.7;Os;76;-4.503;11.52;-4.647;8.903;-5.581;6.221;-1.816;7.605;-1.127;5.156
189;188.9581449;Os;Osmium;76;16.1;10.7;; ;;14.4;0.5;14.9;25;Os;76;-4.503;11.52;-4.647;8.903;-5.581;6.221;-1.816;7.605;-1.127;5.156
190;189.958445;Os;Osmium;76;26.4;11;;0;;15.2;0;15.2;13.1;Os;76;-4.503;11.52;-4.647;8.903;-5.581;6.221;-1.816;7.605;-1.127;5.156
192;191.961479;Os;Osmium;76;41;11.5;;0;;16.6;0;16.6;2;Os;76;-4.503;11.52;-4.647;8.903;-5.581;6.221;-1.816;7.605;-1.127;5.156
n;192.217;Ir;Iridium;77; ;10.6;; ;;14.1;0;14;425;Ir;77;-4.527;12.14;-4.578;9.389;-5.391;6.566;-2.066;7.99;-1.216;5.427
191;190.960591;Ir;Iridium;77;37.3; ;; ;; ; ; ;954;Ir;77;-4.527;12.14;-4.578;9.389;-5.391;6.566;-2.066;7.99;-1.216;5.427
193;192.962924;Ir;Iridium;77;62.7; ;; ;; ; ; ;111;Ir;77;-4.527;12.14;-4.578;9.389;-5.391;6.566;-2.066;7.99;-1.216;5.427
n;195.078;Pt;Platinum;78; ;9.6;; ;;11.58;0.13;11.71;10.3;Pt;78;-4.584;12.787;-4.535;9.895;-5.233;6.925;-2.352;8.388;-1.319;5.708
190;189.95993;Pt;Platinum;78;0.01;9;;0;;10;0;10;152;Pt;78;-4.584;12.787;-4.535;9.895;-5.233;6.925;-2.352;8.388;-1.319;5.708
192;191.961035;Pt;Platinum;78;0.79;9.9;;0;;12.3;0;12.3;10;Pt;78;-4.584;12.787;-4.535;9.895;-5.233;6.925;-2.352;8.388;-1.319;5.708
194;193.962664;Pt;Platinum;78;32.9;10.55;;0;;14;0;14;1.44;Pt;78;-4.584;12.787;-4.535;9.895;-5.233;6.925;-2.352;8.388;-1.319;5.708
195;194.964774;Pt;Platinum;78;33.8;8.83;;-1;;9.8;0.13;9.9;27.5;Pt;78;-4.584;12.787;-4.535;9.895;-5.233;6.925;-2.352;8.388;-1.319;5.708
196;195.964935;Pt;Platinum;78;25.3;9.89;;0;;12.3;0;12.3;0.72;Pt;78;-4.584;12.787;-4.535;9.895;-5.233;6.925;-2.352;8.388;-1.319;5.708
198;197.967876;Pt;Platinum;78;7.2;7.8;;0;;7.6;0;7.6;3.66;Pt;78;-4.584;12.787;-4.535;9.895;-5.233;6.925;-2.352;8.388;-1.319;5.708
n;196.96655;Au;Gold;79;;7.63;;-1.84;;7.32;0.43;7.75;98.65;Au;79;-4.668;13.451;-4.51;10.418;-5.096;7.297;-2.688;8.798;-1.438;5.998
197;196.966552;Au;Gold;79;100;7.63;;-1.84;;7.32;0.43;7.75;98.65;Au;79;-4.668;13.451;-4.51;10.418;-5.096;7.297;-2.688;8.798;-1.438;5.998
n;200.59;Hg;Mercury;80; ;12.692;; ;;20.24;6.6;26.8;372.3;Hg;80;-4.803;14.143;-4.523;10.963;-4.99;7.686;-3.084;9.223;-1.576;6.299
196;195.965815;Hg;Mercury;80;0.2;30.3;;0;;115;0;115;3080;Hg;80;-4.803;14.143;-4.523;10.963;-4.99;7.686;-3.084;9.223;-1.576;6.299
198;197.966752;Hg;Mercury;80;10.1; ;;0;; ;0; ;2;Hg;80;-4.803;14.143;-4.523;10.963;-4.99;7.686;-3.084;9.223;-1.576;6.299
199;198.968262;Hg;Mercury;80;17;16.9;;15.5;;36;30;66;2150;Hg;80;-4.803;14.143;-4.523;10.963;-4.99;7.686;-3.084;9.223;-1.576;6.299
200;199.968309;Hg;Mercury;80;23.1; ;;0;; ;0; ;60;Hg;80;-4.803;14.143;-4.523;10.963;-4.99;7.686;-3.084;9.223;-1.576;6.299
201;200.970285;Hg;Mercury;80;13.2; ;; ;; ; ; ;7.8;Hg;80;-4.803;14.143;-4.523;10.963;-4.99;7.686;-3.084;9.223;-1.576;6.299
202;201.970626;Hg;Mercury;80;29.6; ;;0;;;0;9.828;4.89;Hg;80;-4.803;14.143;-4.523;10.963;-4.99;7.686;-3.084;9.223;-1.576;6.299
204;203.973476;Hg;Mercury;80;6.8; ;;0;;;0; ;0.43;Hg;80;-4.803;14.143;-4.523;10.963;-4.99;7.686;-3.084;9.223;-1.576;6.299
n;204.3833;Tl;Thallium;81; ;8.776;; ;;9.678;0.21;9.89;3.43;Tl;81;-4.945;14.86;-4.532;11.528;-4.883;8.089;-3.556;9.659;-1.73;6.61
203;202.972329;Tl;Thallium;81;29.524;6.99;;1.06;;6.14;0.14;6.28;11.4;Tl;81;-4.945;14.86;-4.532;11.528;-4.883;8.089;-3.556;9.659;-1.73;6.61
205;204.974412;Tl;Thallium;81;70.476;9.52;;-0.242;;11.39;0.007;11.4;0.104;Tl;81;-4.945;14.86;-4.532;11.528;-4.883;8.089;-3.556;9.659;-1.73;6.61
n;207.2;Pb;Lead;82; ;9.405;; ;;11.115;0.003;11.118;0.171;Pb;82;-5.161;15.595;-4.596;12.108;-4.818;8.505;-4.133;10.102;-1.91;6.93
204;203.973029;Pb;Lead;82;1.4;9.9;;0;;12.3;0;12.3;0.65;Pb;82;-5.161;15.595;-4.596;12.108;-4.818;8.505;-4.133;10.102;-1.91;6.93
206;205.974449;Pb;Lead;82;24.1;9.22;;0;;10.68;0;10.68;0.03;Pb;82;-5.161;15.595;-4.596;12.108;-4.818;8.505;-4.133;10.102;-1.91;6.93
207;206.975881;Pb;Lead;82;22.1;9.28;;0.14;;10.82;0.002;10.82;0.699;Pb;82;-5.161;15.595;-4.596;12.108;-4.818;8.505;-4.133;10.102;-1.91;6.93
208;207.976636;Pb;Lead;82;52.4;9.5;;0;;11.34;0;11.34;0.00048;Pb;82;-5.161;15.595;-4.596;12.108;-4.818;8.505;-4.133;10.102;-1.91;6.93
n;208.98038;Bi;Bismuth;83;;8.532;; ;;9.148;0.0084;9.156;0.0338;Bi;83;-5.42;16.341;-4.688;12.7;-4.776;8.93;-4.861;10.559;-2.116;7.258
209;208.980383;Bi;Bismuth;83;100;8.532;; ;;9.148;0.0084;9.156;0.0338;Bi;83;-5.42;16.341;-4.688;12.7;-4.776;8.93;-4.861;10.559;-2.116;7.258
n;208.982416;Po;Polonium;84; ; ;;0.259;;0; ; ; ;Po;84;-5.742;17.139;-4.817;13.331;-4.756;9.383;-5.924;11.042;-2.353;7.6
209;208.982416;Po;Polonium;84; ; ;;0.259;;0; ; ; ;Po;84;-5.742;17.139;-4.817;13.331;-4.756;9.383;-5.924;11.042;-2.353;7.6
n;209.987131;At;Astatine;85; ; ;; ;;0; ; ; ;At;85;-6.132;17.942;-4.992;13.969;-4.772;9.843;-7.444;9.961;-2.63;7.949
210;209.987131;At;Astatine;85; ; ;; ;;0; ; ; ;At;85;-6.132;17.942;-4.992;13.969;-4.772;9.843;-7.444;9.961;-2.63;7.949
n;222.0175705;Rn;Radon;86; ; ;; ;;0; ;12.6; ;Rn;86;-6.545;18.775;-5.173;14.629;-4.787;10.317;-8.862;10.403;-2.932;8.307
222;222.0175705;Rn;Radon;86; ; ;; ;;0; ;12.6; ;Rn;86;-6.545;18.775;-5.173;14.629;-4.787;10.317;-8.862;10.403;-2.932;8.307
n;223.0197307;Fr;Francium;87; ; ;; ;;0; ; ; ;Fr;87;-7.052;19.615;-5.402;15.299;-4.833;10.803;-7.912;7.754;-3.285;8.674
223;223.0197307;Fr;Francium;87; ; ;; ;;0; ; ; ;Fr;87;-7.052;19.615;-5.402;15.299;-4.833;10.803;-7.912;7.754;-3.285;8.674
n;226.0254026;Ra;Radium;88; ;10;;0;;13;0;13;12.8;Ra;88;-7.614;20.461;-5.659;15.977;-4.898;11.296;-7.62;8.105;-3.702;9.047
226;226.0254026;Ra;Radium;88; ;10;;0;;13;0;13;12.8;Ra;88;-7.614;20.461;-5.659;15.977;-4.898;11.296;-7.62;8.105;-3.702;9.047
n;227.027747;Ac;Actinium;89; ; ;; ;;0; ; ; ;Ac;89;-8.318;21.327;-5.976;16.668;-4.994;11.799;-7.725;8.472;-4.192;9.428
227;227.027747;Ac;Actinium;89; ; ;; ;;0; ; ; ;Ac;89;-8.318;21.327;-5.976;16.668;-4.994;11.799;-7.725;8.472;-4.192;9.428
n;232.0381;Th;Thorium;90;100;10.31;;0;;13.36;0;13.36;7.37;Th;90;-9.15;22.24;-6.313;17.397;-5.091;12.33;-8.127;8.87;-4.784;9.819
232;232.0380504;Th;Thorium;90;100;10.31;;0;;13.36;0;13.36;7.37;Th;90;-9.15;22.24;-6.313;17.397;-5.091;12.33;-8.127;8.87;-4.784;9.819
n;231.03588;Pa;Protactinium;91;0.00E+00;9.1;; ;;10.4;0.1;10.5;200.6;Pa;91;-10.382;23.161;-6.695;18.14;-5.216;12.868;-8.96;9.284;-5.555;10.227
231;231.0358789;Pa;Protactinium;91;0.00E+00;9.1;; ;;10.4;0.1;10.5;200.6;Pa;91;-10.382;23.161;-6.695;18.14;-5.216;12.868;-8.96;9.284;-5.555;10.227
n;238.02891;U;Uranium;92; ;8.417;; ;;8.903;0.005;8.908;7.57;U;92;-10.93;23.121;-7.126;18.879;-5.359;13.409;-10.673;9.654;-6.735;10.637
233;233.039628;U;Uranium;92;0.00E+00;10.1;;1;;12.8;0.1;12.9;574.7;U;92;-10.93;23.121;-7.126;18.879;-5.359;13.409;-10.673;9.654;-6.735;10.637
234;234.0409456;U;Uranium;92;0.005;12.4;;0;;19.3;0;19.3;100.1;U;92;-10.93;23.121;-7.126;18.879;-5.359;13.409;-10.673;9.654;-6.735;10.637
235;235.0439231;U;Uranium;92;0.72;10.47;;1.3;;13.78;0.2;14;680.9;U;92;-10.93;23.121;-7.126;18.879;-5.359;13.409;-10.673;9.654;-6.735;10.637
238;238.0507826;U;Uranium;92;99.275;8.402;;0;;8.871;0;8.871;2.68;U;92;-10.93;23.121;-7.126;18.879;-5.359;13.409;-10.673;9.654;-6.735;10.637
n;237.0481673;Np;Neptunium;93;0.00E+00;10.55;; ;;14;0.5;14.5;175.9;Np;93;-12.152;24.097;-7.624;19.642;-5.529;13.967;-11.158;4.148;-7.842;9.57
237;237.0481673;Np;Neptunium;93;0.00E+00;10.55;; ;;14;0.5;14.5;175.9;Np;93;-12.152;24.097;-7.624;19.642;-5.529;13.967;-11.158;4.148;-7.842;9.57
n;244.064198;Pu;Plutonium;94;; ;; ;; ; ; ; ;Pu;94;-12.28;23.658;-8.187;20.425;-5.712;14.536;-9.725;4.33;-8.473;6.999
238;238.0495534;Pu;Plutonium;94;;14.1;;0;;25;0;25;558;Pu;94;-12.28;23.658;-8.187;20.425;-5.712;14.536;-9.725;4.33;-8.473;6.999
239;239.0521565;Pu;Plutonium;94;;7.7;;1.3;;7.5;0.2;7.7;1017.3;Pu;94;-12.28;23.658;-8.187;20.425;-5.712;14.536;-9.725;4.33;-8.473;6.999
240;240.0538075;Pu;Plutonium;94;;3.5;;0;;1.54;0;1.54;289.6;Pu;94;-12.28;23.658;-8.187;20.425;-5.712;14.536;-9.725;4.33;-8.473;6.999
242;242.0587368;Pu;Plutonium;94;;8.1;;0;;8.2;0;8.2;18.5;Pu;94;-12.28;23.658;-8.187;20.425;-5.712;14.536;-9.725;4.33;-8.473;6.999
n;243.0613727;Am;Americium;95;;8.3;;2;;8.7;0.3;9;75.3;Am;95;-12.771;24.607;-8.872;21.173;-5.93;15.087;-8.926;4.511;-7.701;7.296
243;243.0613727;Am;Americium;95;;8.3;;2;;8.7;0.3;9;75.3;Am;95;-12.771;24.607;-8.872;21.173;-5.93;15.087;-8.926;4.511;-7.701;7.296
n;247.070347;Cm;Curium;96;; ;;0;; ; ; ;;Cm;96;-13.513;25.54;-9.743;21.896;-6.176;15.634;-8.416;4.697;-7.388;7.589
244;244.0627463;Cm;Curium;96;;9.5;;0;;11.3;0;11.3;16.2;Cm;96;-13.513;25.54;-9.743;21.896;-6.176;15.634;-8.416;4.697;-7.388;7.589
246;246.0672176;Cm;Curium;96;;9.3;;0;;10.9;0;10.9;1.36;Cm;96;-13.513;25.54;-9.743;21.896;-6.176;15.634;-8.416;4.697;-7.388;7.589
248;248.072342;Cm;Curium;96;;7.7;;0;;7.5;0;7.5;3;Cm;96;-13.513;25.54;-9.743;21.896;-6.176;15.634;-8.416;4.697;-7.388;7.589
